{
    "symbols": [
        ["Apple", "AAPL|1D"],
        ["Google", "GOOGL|1D"],
        ["Bitcoin", "COINBASE:BTCUSD|1D"],
        ["Netflix", "NASDAQ:NFLX"],
        ["Facebook", "NASDAQ:FB"],
        ["Amazon", "NASDAQ:AMZN"],
        ["Tesla", "NASDAQ:TSLA"],
        ["tcs", "BSE:TCS"],
        ["infosys", "BSE:INFY"],
        ["reliance", "BSE:RELIANCE"],
        ["wipro", "BSE:WIPRO"],
        ["l&t", "BSE:LT"],
        ["Sensex","BSE:SENSEX"],
        ["Gold","GOLDBEES|1Y"],
        ["NIDTYBEES","NIFTYBEES|1Y"]
    ],
    "chartOnly": false,
    "width": "100%",
    "height": "100%",
    "locale": "en",
    "colorTheme": "light",
    "autosize": true,
    "showVolume": false,
    "showMA": false,
    "hideDateRanges": false,
    "hideMarketStatus": false,
    "hideSymbolLogo": false,
    "scalePosition": "right",
    "scaleMode": "flexible",
    "fontFamily": "-apple-system, BlinkMacSystemFont, Trebuchet MS, Roboto, Ubuntu, sans-serif",
    "fontSize": "10",
    "noTimeScale": false,
    "valuesTracking": "1",
    "changeMode": "price-and-percent",
    "chartType": "area",
    "maLineColor": "#2962FF",
    "maLineWidth": 1,
    "maLength": 12,
    "lineWidth": 2,
    "lineType": 0,
    "dateRanges": [
        "1d|1",
        "1m|30",
        "3m|60",
        "12m|1D",
        "60m|1W",
        "all|1M"
    ]
}
